,,,,860.33575,753.5053,806.92053,,778.5193,742.51904,760.51917,,769.4917,742.1193,755.80554,,790.60803,743.42596,767.01697,,712.1786,737.8144,724.99646,782.226676,743.8768,763.051734
55.5,62.51,47.95,,860.4389,753.0965,806.7677,,778.619,742.1749,760.397,,769.52856,741.8051,755.6669,,790.7218,743.2546,766.98816,,712.28375,737.46515,724.87445,782.318402,743.55925,762.938842
89.94,77.55,82.92,,860.4308,752.0458,806.2383,,778.5982,741.2491,759.92365,,769.4171,740.9612,755.18915,,790.68854,742.6022,766.6454,,712.2661,736.52954,724.3978,782.280148,742.677568,762.47886
98.16,89.68,93.51,,860.3672,751.38306,805.8751,,778.51636,740.6361,759.57623,,769.244,740.4112,754.82764,,790.5823,742.04486,766.3136,,712.18207,735.9169,724.04944,782.178386,742.078424,762.128402
59,83.15,69.51,,860.3836,752.16095,806.2723,,778.5208,741.2784,759.8996,,769.20056,741.01044,755.10547,,790.5797,742.33466,766.45715,,712.1784,736.57886,724.37866,782.172612,742.672662,762.422636
131.64,76.23,103.71,,860.6076,754.5264,807.567,,778.7513,743.35223,761.05176,,769.4583,742.9091,756.1837,,790.8476,743.77594,767.31177,,712.39996,738.68274,725.5414,782.412952,744.649282,763.531126
,,,,861.1081,757.85406,809.4811,,779.2814,746.35724,762.81934,,770.0976,745.6475,757.87256,,791.47394,746.1439,768.80896,,712.9275,741.70526,727.3164,782.977708,747.541592,765.259672
75.65,78.2225,73.4725,,861.90643,761.50946,811.70795,,780.1319,749.7542,764.94305,,771.13226,748.7432,759.93774,,792.4847,749.0607,770.7727,,713.78754,745.08936,729.4385,783.888566,750.831384,767.359988
,LSTM,GRU,Hybrid,863.0377,765.52045,814.27905,,781.33527,753.55536,767.4453,,772.59406,752.2217,762.40784,,793.9204,752.4555,773.188,,715.0153,748.84644,731.9309,785.180546,754.51989,769.850218
average,75.65,78.2225,73.4725,864.53253,769.98914,817.26086,,782.9208,757.8256,770.37317,,774.5068,756.1474,765.3271,,795.8155,756.33014,776.0728,,716.6412,753.05035,734.84576,786.883366,758.668526,772.775938
low extreme,55.5,62.51,47.96,866.3644,774.49115,820.42773,,784.85645,762.1727,773.5146,,776.81274,760.1608,768.4868,,798.1304,760.39996,779.26514,,718.63495,757.3143,737.9746,788.959788,762.907782,775.933774
high extreme,131.64,89.68,103.71,868.455,778.47003,823.4625,,787.0549,766.08813,776.57153,,779.38654,763.79913,771.59283,,800.7583,764.25574,782.507,,720.9087,761.1333,741.021,791.312688,766.749266,779.030972
,,,,870.7139,781.71466,826.2143,,789.4154,769.3577,779.3866,,782.09235,766.8697,774.481,,803.57697,767.65045,785.6137,,723.3581,764.3013,743.8297,793.831344,769.978762,781.90506
,,,,873.05896,784.30634,828.6826,,791.84827,772.0218,781.93506,,784.8126,769.408,777.11035,,806.47614,770.5303,788.5032,,725.8876,766.8702,746.3789,796.416714,772.627328,784.522022
,,,,875.4246,786.44476,830.9347,,794.283,774.236,784.2595,,787.46014,771.5497,779.5049,,809.3692,772.9651,791.1671,,728.4212,769.00574,748.7135,798.991628,774.84026,786.91594
,,,,877.7752,788.4338,833.1045,,796.6828,776.26447,786.47363,,789.99365,773.5271,781.7604,,812.2099,775.1396,793.67474,,730.9173,770.97705,750.94714,801.51577,776.868404,789.192082
,,,,880.1298,790.8249,835.47736,,799.0707,778.6061,788.8384,,792.4525,775.78766,784.1201,,815.0253,777.43567,796.23047,,733.39624,773.2833,753.3398,804.014908,779.187526,791.601226
,,,,882.5289,793.9013,838.2151,,801.4937,781.5359,791.5148,,794.9053,778.5741,786.7397,,817.872,780.1305,799.0012,,735.90564,776.1929,756.04926,806.541108,782.06694,794.304012
,,,,884.9797,797.3305,841.1551,,803.96454,784.7907,794.3776,,797.37085,781.6424,789.5066,,820.7644,783.1271,801.94574,,738.4605,779.4289,758.9447,809.107998,785.26392,797.185948
,,,,887.44354,800.4869,843.9652,,806.4441,787.8349,797.1395,,799.8039,784.50903,792.1565,,823.65594,786.06586,804.8609,,741.02386,782.44257,761.7332,811.674268,788.267852,799.97106
,,,,889.8435,802.80524,846.32434,,808.85126,790.1583,799.50476,,802.1087,786.718,794.4133,,826.4499,788.5275,807.4887,,743.5144,784.72015,764.1173,814.153552,790.585838,802.36968
,,,,892.12885,804.3984,848.2636,,811.13116,791.83026,801.4807,,804.22906,788.33984,796.2844,,829.0818,790.4525,809.76715,,745.87384,786.3398,766.1068,816.488942,792.27216,804.38053
,,,,894.2935,805.78705,850.0403,,813.2784,793.28235,803.2804,,806.1732,789.76654,797.96985,,831.5471,792.08844,811.81775,,748.0938,787.74695,767.9204,818.6772,793.734266,806.20574
,,,,896.25806,806.3936,851.3258,,815.2113,793.9946,804.60297,,807.8417,790.5159,799.17883,,833.7453,793.1111,813.4282,,750.09,788.4255,769.25775,820.629272,794.48814,807.55871
,,,,897.92346,805.7663,851.84485,,816.82434,793.56445,805.1944,,809.1123,790.22095,799.6666,,835.54926,793.1939,814.3716,,751.7528,787.9722,769.86255,822.232432,794.14356,808.188
,,,,899.2382,804.23016,851.7342,,818.06244,792.26227,805.16235,,809.9345,789.12866,799.5316,,836.89496,792.4411,814.668,,753.0217,786.6627,769.8422,823.43036,792.944978,808.18767
,,,,900.20807,802.4512,851.3296,,818.93396,790.6633,804.79865,,810.3382,787.7572,799.0477,,837.7944,791.2402,814.5173,,753.90155,785.08014,769.49084,824.235236,791.438408,807.836818
,,,,900.8804,800.98083,850.9306,,819.4931,789.2671,804.3801,,810.4093,786.55225,798.4808,,838.3151,790.0091,814.1621,,754.44696,783.725,769.08594,824.708972,790.106856,807.407908
,,,,901.32574,800.1188,850.7223,,819.8199,788.37274,804.0963,,810.2613,785.77966,798.0205,,838.5565,789.0623,813.80945,,754.7414,782.88806,768.8147,824.940968,789.244312,807.09265
,,,,901.6652,800.36554,851.0154,,820.0476,788.4633,804.2555,,810.07495,785.87946,797.9772,,838.6832,788.83136,813.7573,,754.9247,783.0412,768.9829,825.07913,789.316172,807.19766
,,,,901.9898,801.5188,851.7543,,820.2769,789.3984,804.83765,,809.9772,786.72455,798.3508,,838.8196,789.3358,814.0777,,755.10626,784.02856,769.5674,825.233952,790.201222,807.71757
,,,,902.37354,803.3212,852.8474,,820.5885,790.97815,805.7833,,810.0662,788.1419,799.10406,,839.066,790.48126,814.7736,,755.3749,785.6376,770.5062,825.493828,791.712022,808.602912
,,,,902.86835,805.517,854.1927,,821.0369,792.9821,807.0095,,810.40234,789.9412,800.17175,,839.4901,792.1096,815.79987,,755.791,787.64233,771.7167,825.917738,793.638446,809.778104
,,,,903.5042,807.90356,855.70386,,821.6521,795.221,808.4365,,811.01117,791.9594,801.4853,,840.13,794.05634,817.09314,,756.3891,789.85516,773.12213,826.537314,795.799092,811.168186
,,,,904.3225,810.63165,857.47705,,822.4747,797.8112,810.14294,,811.93176,794.30896,803.12036,,841.036,796.35675,818.6964,,757.21216,792.40015,774.80615,827.395424,798.301742,812.84858
,,,,905.34283,813.6293,859.4861,,823.5223,800.676,812.0991,,813.1692,796.92065,805.0449,,842.2285,798.9496,820.58905,,758.27985,795.20746,776.74365,828.508536,801.076602,814.79256
,,,,906.565,816.74744,861.65625,,824.7918,803.6772,814.2345,,814.70013,799.6695,807.1848,,843.7025,801.7268,822.71466,,759.5891,798.143,778.8661,829.869706,803.992788,816.931262
,,,,907.91504,819.2585,863.5868,,826.2006,806.1622,816.1814,,816.3965,801.963,809.17975,,845.3544,804.21545,824.7849,,761.0556,800.5546,780.8051,831.384428,806.43075,818.90759
,,,,909.3284,821.07697,865.2027,,827.6747,808.03485,817.85474,,818.1518,803.71826,810.93506,,847.09235,806.25,826.67114,,762.60016,802.3523,782.4762,832.969482,808.286476,820.627968
,,,,910.7533,822.3799,866.5666,,829.1552,809.4229,819.28906,,819.8824,805.0495,812.46594,,848.8427,807.8504,828.34656,,764.15765,803.6738,783.9158,834.55825,809.6753,822.116792
,,,,912.15045,823.3607,867.7556,,830.59863,810.48126,820.5399,,821.5274,806.09033,813.80884,,850.5497,809.1043,829.827,,765.67944,804.6819,785.18066,836.101124,810.743698,823.4224
,,,,913.48956,824.13574,868.8126,,831.9726,811.3121,821.64233,,823.0438,806.9265,814.98517,,852.1714,810.09393,831.1327,,767.1287,805.4802,786.30444,837.561212,811.589694,824.575448
,,,,914.73926,824.6658,869.7025,,833.2439,811.88837,822.56616,,824.3892,807.52765,815.95844,,853.665,810.8219,832.2434,,768.46875,806.0395,787.25415,838.901222,812.188644,825.54493
,,,,915.8633,824.83624,870.34973,,834.37537,812.1163,823.24585,,825.5204,807.8062,816.6633,,854.9834,811.2323,833.10785,,769.65967,806.2611,787.9604,840.080428,812.450428,826.265426
,,,,916.8365,824.6689,870.7527,,835.34076,812.0172,823.67896,,826.4126,807.7808,817.0967,,856.09503,811.33105,833.713,,770.67303,806.164,788.4185,841.071584,812.39239,826.731972
,,,,917.6627,824.428,871.04535,,836.14557,811.82465,823.9851,,827.0841,807.6626,817.37335,,857.0064,811.2756,834.141,,771.51276,805.981,788.7469,841.882306,812.23437,827.05834
,,,,918.3676,824.3856,871.3766,,836.8194,811.7841,824.30176,,827.5853,807.67194,817.62866,,857.75494,811.26373,834.50934,,772.2098,805.95746,789.0836,842.547408,812.212566,827.379992
,,,,918.98303,824.6406,871.8118,,837.39923,811.9969,824.69806,,827.97327,807.89874,817.93604,,858.3863,811.41394,834.90015,,772.8029,806.19055,789.4967,843.108946,812.428146,827.76855
,,,,919.53107,825.08,872.30554,,837.911,812.3789,825.14496,,828.28796,808.26746,818.2777,,858.93304,811.7089,835.321,,773.3213,806.59045,789.9559,843.596874,812.805142,828.20102
,,,,920.02014,825.5102,872.76514,,838.3651,812.76807,825.5666,,828.5491,808.6345,818.5918,,859.4094,812.0473,835.7284,,773.7778,806.99036,790.38403,844.024308,813.190086,828.607194
,,,,920.4561,825.8536,873.15485,,838.7679,813.0948,825.93134,,828.7706,808.94104,818.85583,,859.8248,812.36444,836.0946,,774.18066,807.31964,790.7501,844.400012,813.514704,828.957344
,,,,920.8467,826.1333,873.49,,839.12775,813.3719,826.2498,,828.9668,809.202,819.0844,,860.19055,812.6499,836.4202,,774.5389,807.5938,791.06635,844.73414,813.79018,829.26215
,,,,921.1926,826.31647,873.7545,,839.4453,813.5639,826.50464,,829.1403,809.38586,819.26306,,860.5083,812.87054,836.68945,,774.8539,807.7799,791.3169,845.02808,813.983334,829.50571
,,,,921.50714,826.53375,874.02045,,839.7342,813.78253,826.75836,,829.3106,809.59454,819.4526,,860.7956,813.09393,836.94476,,775.1396,807.9929,791.5663,845.297428,814.19953,829.748494
,,,,921.8195,827.00836,874.41394,,840.0256,814.2254,827.1255,,829.5179,810.00635,819.7621,,861.09143,813.46576,837.27856,,775.42865,808.43207,791.93036,845.576616,814.627588,830.102092
,,,,922.1095,827.30743,874.7085,,840.2985,814.5154,827.407,,829.7283,810.27716,820.0027,,861.3688,813.7601,837.56445,,775.70044,808.7176,792.209,845.841108,814.915538,830.37833
,,,,922.3553,827.26697,874.81116,,840.5282,814.50854,827.5184,,829.9075,810.27936,820.0934,,861.5976,813.84576,837.7217,,775.9291,808.70374,792.3164,846.06354,814.920874,830.492212
,,,,922.54346,826.9602,874.75183,,840.69867,814.2584,827.4785,,830.03357,810.06366,820.0486,,861.759,813.7221,837.74054,,776.09753,808.4472,792.27234,846.226446,814.690312,830.458362
,,,,922.6639,826.4642,874.564,,840.7987,813.8233,827.31104,,830.0901,809.6816,819.88586,,861.8386,813.4152,837.62695,,776.19275,808.00977,792.10126,846.31681,814.278814,830.297822
,,,,922.7402,826.1503,874.44525,,840.8532,813.52954,827.1914,,830.1101,809.4271,819.7686,,861.8672,813.15027,837.5087,,776.23914,807.72095,791.98004,846.361968,813.995632,830.178798
,,,,922.86066,826.7789,874.81976,,840.95685,814.0591,827.50793,,830.2178,809.91534,820.0665,,861.96155,813.43933,837.70044,,776.3348,808.2637,792.2992,846.466332,814.491274,830.478766
,,,,923.10547,828.47626,875.7909,,841.19836,815.55145,828.3749,,830.51996,811.26666,820.8933,,862.2292,814.4929,838.3611,,776.57385,809.77014,793.172,846.725368,815.911482,831.31844
,,,,923.56854,831.3611,877.46484,,841.67944,818.1476,829.9135,,831.1401,813.6096,822.3749,,862.7945,816.489,839.6417,,777.06537,812.3696,794.7175,847.24959,818.39538,832.822488
,,,,924.3167,835.19836,879.75757,,842.4727,821.6658,832.0692,,832.15753,816.7832,824.47034,,863.7459,819.36383,841.5549,,777.8893,815.86865,796.87897,848.116426,821.775968,834.946196
,,,,925.42126,839.9905,882.7059,,843.6531,826.12024,834.88666,,833.6564,820.8072,827.2318,,865.17596,823.134,844.15497,,779.1278,820.2752,799.70154,849.406904,826.065428,837.736174
,,,,926.95685,845.86206,886.4094,,845.2992,831.62115,838.4602,,835.7231,825.78577,830.7544,,867.1811,827.87744,847.5293,,780.8662,825.6986,803.2824,851.20529,831.369004,841.28714
,,,,928.92316,852.1772,890.5502,,847.4094,837.6057,842.50757,,838.33167,831.2133,834.77246,,869.7576,833.2246,851.4911,,783.10736,831.5744,807.3409,853.505838,837.15904,845.332446
,,,,931.2089,857.6787,894.44385,,849.86145,842.9513,846.4064,,841.29956,836.0854,838.6925,,872.75323,838.3452,855.5492,,785.7271,836.78125,811.25415,856.170048,842.36837,849.26922
,,,,933.701,862.0505,897.87573,,852.5275,847.3346,849.931,,844.4516,840.1215,842.28656,,876.0106,842.8361,859.42334,,788.5898,841.00977,814.7998,859.0561,846.670494,852.863286
,,,,936.2983,865.44684,900.87256,,855.294,850.8318,853.06287,,847.63635,843.391,845.5137,,879.38824,846.6051,862.9967,,791.5708,844.35815,817.9645,862.037538,850.126578,856.082066
,,,,938.8879,867.8351,903.36145,,858.03723,853.37305,855.70514,,850.69214,845.822,848.2571,,882.7303,849.5386,866.1344,,794.53467,846.7734,820.65405,864.976448,852.66843,858.822428
,,,,941.34436,869.01874,905.1815,,860.62115,854.7652,857.6932,,853.4475,847.23126,850.33936,,885.8661,851.4632,868.6647,,797.3324,848.072,822.7022,867.722302,854.11008,860.916192
,,,,943.594,869.3831,906.4885,,862.9652,855.3376,859.15137,,855.81366,847.9064,851.86,,888.6946,852.55676,870.6257,,799.8719,848.5879,824.22986,870.187872,854.754352,862.471086
,,,,945.61957,869.56323,907.59143,,865.0524,855.64996,860.3512,,857.7889,848.3401,853.06445,,891.1936,853.2192,872.2064,,802.12946,848.88116,825.5053,872.356786,855.13073,863.743756
,,,,947.4305,869.9071,908.6688,,866.8961,856.0313,861.46375,,859.40955,848.8173,854.1134,,893.3789,853.7592,873.5691,,804.1165,849.273,826.69476,874.24631,855.55758,864.901962
,,,,949.0281,870.30164,909.66486,,868.5033,856.4159,862.4596,,860.7021,849.2732,854.9877,,895.2589,854.22235,874.7406,,805.84033,849.6842,827.76227,875.866546,855.979458,865.923006
,,,,950.41235,870.57056,910.49146,,869.8776,856.6746,863.2761,,861.69006,849.593,855.64154,,896.83984,854.5613,875.70056,,807.3061,849.9732,828.63965,877.22519,856.274532,866.749862
,,,,951.6087,870.86633,911.23755,,871.0485,856.9529,864.00073,,862.4329,849.91174,856.17236,,898.1611,854.8773,876.51917,,808.5461,850.2788,829.4125,878.35946,856.577414,867.468462
,,,,952.6441,871.2503,911.9472,,872.0488,857.3078,864.67834,,862.98987,850.2837,856.6368,,899.2658,855.22864,877.2472,,809.5968,850.65576,830.1263,879.309074,856.94524,868.127168
,,,,953.56384,871.91174,912.7378,,872.9292,857.911,865.4201,,863.44196,850.86615,857.15405,,900.22015,855.7494,877.98474,,810.5137,851.2749,830.8943,880.13377,857.542638,868.838198
,,,,954.4261,873.05365,913.73987,,873.7543,858.9497,866.352,,863.8843,851.8291,857.8567,,901.1071,856.5986,878.85284,,811.368,852.322,831.845,880.90796,858.55061,869.729282
,,,,955.3619,875.5252,915.44354,,874.666,861.1855,867.9258,,864.5128,853.8589,859.18585,,902.10675,858.3368,880.2218,,812.31226,854.5576,833.43494,881.791942,860.6928,871.242386
,,,,956.4892,879.4886,917.9889,,875.7951,864.789,870.29205,,865.4928,857.1063,861.29956,,903.3825,861.20105,882.29175,,813.4901,858.1443,835.8172,882.92994,864.14585,873.537892
,,,,957.8607,884.29193,921.0763,,877.2008,869.222,873.2114,,866.8873,861.0909,863.98914,,905.00806,864.91425,884.9612,,814.97144,862.5306,838.751,884.38566,868.409936,876.397808
,,,,959.46277,889.0693,924.266,,878.86835,873.7327,876.30054,,868.6582,865.1504,866.9043,,906.9667,868.94415,887.95544,,816.7465,866.9587,841.8526,886.140504,872.77105,879.455776
,,,,961.2424,893.23596,927.23914,,880.73755,877.7805,879.25903,,870.70953,868.81244,869.761,,909.18463,872.8113,890.9979,,818.7531,870.8935,844.8233,888.125442,876.70674,882.416074
,,,,963.1172,896.4256,929.77136,,882.7156,880.99384,881.85474,,872.90326,871.75214,872.3277,,911.5455,876.1304,893.8379,,820.89124,873.9808,847.43604,890.23456,879.856556,885.045548
,,,,965.02936,898.88934,931.95935,,884.7349,883.54425,884.1396,,875.14185,874.1231,874.63245,,913.9656,878.89594,896.4308,,823.0847,876.41174,849.7482,892.391282,882.372874,887.38208
,,,,966.9572,901.1564,934.05676,,886.7687,885.8672,886.31793,,877.3832,876.307,876.8451,,916.40924,881.36053,898.8849,,825.3001,878.6361,851.96814,894.563688,884.665446,889.614566
,,,,968.87067,903.29047,936.08057,,888.7833,888.0173,888.40027,,879.57477,878.34216,878.9585,,918.83234,883.5974,901.21484,,827.49854,880.71204,854.1053,896.711924,886.791874,891.751896
,,,,970.7275,905.10284,937.91516,,890.7334,889.84283,890.2881,,881.6512,880.0861,880.86865,,921.1753,885.5339,903.3546,,829.629,882.48346,856.0563,898.78328,888.609826,893.696562
,,,,972.52673,906.9072,939.717,,892.6159,891.63043,892.12317,,883.6114,881.7922,882.7018,,923.4339,887.3609,905.3974,,831.68616,884.2319,857.959,900.774818,890.384526,895.579674
,,,,974.2712,908.82587,941.5485,,894.43555,893.49554,893.9656,,885.46265,883.55994,884.5113,,925.61237,889.1909,907.4016,,833.67377,886.0673,859.87054,902.691108,892.22791,897.459508
,,,,975.98016,911.0134,943.4968,,896.2139,895.588,895.901,,887.2374,885.5209,886.37915,,927.7375,891.159,909.44824,,835.6149,888.13324,861.8741,904.556772,894.282908,899.419858
,,,,977.6361,913.0708,945.35345,,897.9344,897.5692,897.75183,,888.91406,887.37286,888.14343,,929.787,893.0738,911.4304,,837.4927,890.0858,863.78925,906.352852,896.234492,901.293672
,,,,979.21924,914.80646,947.0128,,899.576,899.2739,899.4249,,890.4714,888.9728,889.72205,,931.7355,894.80023,913.2678,,839.2851,891.75775,865.5214,908.057448,897.922228,902.98979
,,,,980.7286,916.375,948.55176,,901.13776,900.8281,900.9829,,891.9166,890.4356,891.17615,,933.5826,896.3875,914.98505,,840.9903,893.27704,867.13367,909.671172,899.460648,904.565906
,,,,982.1717,917.9329,950.0523,,902.6282,902.36035,902.49426,,893.2686,891.8759,892.57227,,935.3396,897.91864,916.62915,,842.6171,894.776,868.69653,911.20504,900.972758,906.088902
,,,,983.56396,919.61005,951.58704,,904.06415,903.9862,904.02515,,894.55695,893.39496,893.97595,,937.0288,899.4864,918.25757,,844.1841,896.3708,870.27747,912.679592,902.569682,907.624636
,,,,984.93097,921.55273,953.2418,,905.47455,905.8412,905.65784,,895.8253,895.1131,895.46924,,938.6862,901.207,919.9466,,845.7224,898.1953,871.95886,914.127884,904.381866,909.254868
,,,,986.34045,924.2713,955.3059,,906.93225,908.3855,907.6589,,897.17847,897.43854,897.3085,,940.40625,903.4212,921.9137,,847.31256,900.70593,874.0093,915.633996,906.844494,911.23926
,,,,987.8392,927.70935,957.7743,,908.4908,911.5883,910.03955,,898.68384,900.34296,899.5134,,942.25555,906.1845,924.22003,,849.015,903.8653,876.4402,917.256878,909.938082,913.597496
,,,,989.4503,931.5658,960.50806,,910.1768,915.2058,912.6913,,900.3726,903.61127,901.99194,,944.26794,909.37006,926.819,,850.8618,907.42194,879.14185,919.025888,913.434974,916.23043
,,,,991.1654,935.41016,963.2878,,911.9813,918.86414,915.4227,,902.2261,906.91766,904.5719,,946.4331,912.7149,929.574,,852.84625,911.0003,881.9233,920.93043,916.981432,918.95594
,,,,992.9507,938.8718,965.91125,,913.868,922.22424,918.04614,,904.18915,909.967,907.07806,,948.705,915.935,932.32,,854.9294,914.2652,884.5973,922.92845,920.252648,921.59055
,,,,994.789,942.06934,968.4292,,915.8154,925.3646,920.59,,906.2308,912.8322,909.5315,,951.05804,919.008,935.033,,857.0874,917.3048,887.1961,924.996128,923.315788,924.15596
,,,,996.67053,945.19025,970.9304,,917.81177,928.4286,923.1202,,908.33154,915.639,911.9852,,953.4772,921.9986,937.7379,,859.30597,920.2708,889.7884,927.119402,926.30545,926.71242
,,,,998.5872,948.3198,973.4535,,919.84686,931.4836,925.6652,,910.474,918.44324,914.4586,,955.9487,924.95465,940.45166,,861.57294,923.2347,892.4038,929.28594,929.287198,929.286552
,,,,1000.50244,951.15405,975.82825,,921.88226,934.26666,928.07446,,912.60004,921.0092,916.8046,,958.42206,927.7105,943.0663,,863.84503,925.93365,894.88934,931.450366,932.014812,931.73259
,,,,1002.3841,953.5984,977.9912,,923.8809,936.6932,930.28705,,914.6603,923.26215,918.9612,,960.8504,930.1834,945.5169,,866.08093,928.2842,897.18256,933.571326,934.40427,933.987782
,,,,1004.1991,955.6112,979.90515,,925.80664,938.719,932.2628,,916.60583,925.16156,920.88367,,963.18695,932.31744,947.7522,,868.23865,930.2435,899.2411,935.607434,936.41054,936.008984
,,,,1005.8153,956.00476,980.91003,,927.5183,939.29,933.4042,,918.24115,925.77435,922.00775,,965.24884,933.385,949.3169,,870.16113,930.7631,900.46216,937.396944,937.043442,937.220208
,,,,1007.1446,954.82086,980.9827,,928.91534,938.41455,933.6649,,919.4468,925.10986,922.2783,,966.9105,933.2455,950.078,,871.7333,929.86096,900.7971,938.830108,936.290346,937.5602
,,,,1008.1588,952.80695,980.4829,,929.96423,936.7102,933.3372,,920.19507,923.7088,921.9519,,968.12976,932.23065,950.1802,,872.9117,928.1645,900.5381,939.871912,934.72422,937.29806
,,,,1008.79895,949.8085,979.3037,,930.6017,934.0293,932.3155,,920.411,921.4286,920.9198,,968.8236,930.27515,949.5494,,873.62244,925.5301,899.5763,940.451538,932.21433,936.33294
,,,,1009.1306,947.1234,978.127,,930.89526,931.5239,931.2096,,920.21625,919.28345,919.7499,,969.08234,928.15784,948.6201,,873.9376,923.1048,898.52124,940.65241,929.838678,935.245568
,,,,1009.2948,946.01776,977.65625,,930.99927,930.33875,930.669,,919.8368,918.27795,919.0574,,969.1026,926.79974,947.9512,,874.0271,922.0185,898.0228,940.652114,928.69054,934.67133
,,,,1009.3869,946.27826,977.8326,,931.025,930.35754,930.6913,,919.4252,918.3038,918.8645,,969.02466,926.35345,947.6891,,874.01855,922.1301,898.07434,940.576062,928.68463,934.630368
,,,,1009.4653,947.267,978.36615,,931.04114,931.08655,931.06384,,919.0753,918.9305,919.0029,,968.9368,926.60187,947.76935,,873.9952,922.92346,898.45935,940.502748,929.361876,934.932318
,,,,1009.5743,948.61285,979.09357,,931.0982,932.22174,931.66,,918.85583,919.903,919.3794,,968.9067,927.3367,948.1217,,874.0183,924.0839,899.05115,940.490666,930.431638,935.461164
,,,,1009.73157,949.9817,979.8566,,931.21783,933.4572,932.3375,,918.7903,920.9628,919.8766,,968.96344,928.30695,948.6352,,874.11566,925.3084,899.71204,940.56376,931.60341,936.083588
,,,,1009.9538,951.35156,980.6527,,931.4179,934.74677,933.08234,,918.8974,922.0782,920.4878,,969.1317,929.4151,949.27344,,874.3089,926.5615,900.4352,940.74194,932.830626,936.786296
,,,,1010.2161,952.33545,981.27576,,931.6715,935.72473,933.6981,,919.128,922.9291,921.02856,,969.3779,930.3728,949.87537,,874.56934,927.4901,901.0297,940.992568,933.770436,937.381498
,,,,1010.46454,952.52783,981.4962,,931.91876,936.0114,933.9651,,919.3905,923.1817,921.28613,,969.62555,930.8555,950.24054,,874.83044,927.7271,901.2788,941.245958,934.060706,937.653354
,,,,1010.6441,951.8395,981.2418,,932.0975,935.4985,933.798,,919.59235,922.7408,921.16656,,969.79474,930.7044,950.2496,,875.0204,927.17706,901.09875,941.429818,933.592052,937.510942
,,,,1010.7067,950.3663,980.5365,,932.1516,934.2437,933.19763,,919.653,921.65247,920.6527,,969.81464,929.8966,949.8556,,875.0746,925.90674,900.49066,941.480108,932.413162,936.946618
,,,,1010.6016,948.1135,979.35754,,932.0242,932.236,932.1301,,919.4909,919.90027,919.69556,,969.61017,928.39874,949.00446,,874.9262,923.9114,899.4188,941.330614,930.511982,935.921292
,,,,1010.30396,945.36035,977.83215,,931.68536,929.7153,930.7003,,919.069,917.68964,918.3793,,969.1438,926.3581,947.751,,874.53986,921.4319,897.98584,940.948396,928.111058,934.529718
,,,,1009.81384,942.45154,976.1327,,931.1348,926.98975,929.06226,,918.38763,915.28687,916.8373,,968.4133,924.0056,946.2095,,873.9119,918.77264,896.3423,940.332294,925.50128,932.916812
,,,,1009.16785,939.8696,974.51874,,930.4111,924.5003,927.4557,,917.50604,913.0774,915.29175,,967.4684,921.6917,944.5801,,873.0849,916.36676,894.7258,939.527658,923.101152,931.314418
,,,,1008.4679,938.47766,973.4728,,929.62524,923.0347,926.32996,,916.581,911.75684,914.16895,,966.45074,920.03455,943.2427,,872.18176,914.98987,893.5858,938.661328,921.658724,930.160042
,,,,1007.80035,938.32733,973.06384,,928.8758,922.68256,925.7792,,915.74084,911.4026,913.5717,,965.4837,919.2435,942.36365,,871.3142,914.7153,893.0148,937.842978,921.274258,929.558638
,,,,1007.2615,939.4794,973.3704,,928.26996,923.54254,925.90625,,915.1274,912.1073,913.6173,,964.7048,919.4797,942.0922,,870.6059,915.6255,893.1157,937.193912,922.046888,929.62037
,,,,1006.9125,941.55554,974.234,,927.87836,925.311,926.59467,,914.824,913.60925,914.2166,,964.20294,920.6004,942.4017,,870.1395,917.40594,893.7727,936.79146,923.696426,930.243934
,,,,1006.7723,943.9819,975.3771,,927.7237,927.4915,927.6076,,914.84735,915.4792,915.16327,,964.007,922.2649,943.136,,869.94464,919.5574,894.751,936.658998,925.75498,931.206994
,,,,1006.85986,946.66406,976.76196,,927.82587,929.9835,928.90466,,915.21375,917.63885,916.4263,,964.14374,924.3363,944.24,,870.04596,921.9861,896.016,936.817836,928.121762,932.469784
,,,,1007.2047,949.8128,978.5088,,928.2148,932.9455,930.58014,,915.95105,920.23254,918.0918,,964.6514,926.8678,945.75964,,870.4768,924.8606,897.6687,937.29975,930.943848,934.121816
,,,,1007.826,953.4902,980.6581,,928.91095,936.41644,932.6637,,917.0712,923.29474,920.183,,965.55524,929.8765,947.7159,,871.2605,928.2281,899.74426,938.124778,934.261196,936.192992
,,,,1008.725,957.54626,983.1356,,929.914,940.26135,935.08765,,918.5564,926.70496,922.6307,,966.85315,933.2736,950.06335,,872.3972,931.9572,902.17725,939.28915,937.948674,938.61891
,,,,1009.8495,961.3658,985.60767,,931.1676,943.93756,937.5526,,920.3109,929.9842,925.1476,,968.4705,936.68,952.57526,,873.8249,935.50916,904.667,940.72468,941.495344,941.110026
,,,,1011.1766,965.1025,988.1395,,932.64215,947.56433,940.1033,,922.28796,933.2392,927.76355,,970.37054,940.0985,955.2345,,875.51025,939.00854,907.2594,942.3975,945.002614,943.70005
,,,,1012.6752,968.78,990.7276,,934.3024,951.143,942.7227,,924.42926,936.4683,930.4488,,972.50586,943.5011,958.0035,,877.4118,942.4624,909.93713,944.264904,948.47096,946.367946
,,,,1014.3298,972.5795,993.45465,,936.1291,954.8242,945.4767,,926.7047,939.79956,933.25214,,974.8502,946.9736,960.91187,,879.50635,946.0239,912.76514,946.30403,952.040152,949.1721
,,,,1016.1944,977.37213,996.78326,,938.1775,959.37195,948.7747,,929.19257,943.8993,936.5459,,977.4743,951.03876,964.25653,,881.8548,950.4543,916.15454,948.578714,956.427288,952.502986
,,,,1018.162,981.54724,999.8546,,940.33844,963.39545,951.86694,,931.7249,947.5409,939.63293,,980.232,954.8706,967.5513,,884.33624,954.35956,919.3479,950.958716,960.34275,955.650734
,,,,1020.0689,983.7432,1001.90607,,942.43317,965.70087,954.067,,934.0614,949.68207,941.8717,,982.8946,957.55615,970.22534,,886.75146,956.55145,921.6515,953.241906,962.646748,957.944322
,,,,1021.7441,983.4084,1002.57623,,944.2717,965.7453,955.00854,,935.95764,949.85034,942.904,,985.21924,958.51227,971.8657,,888.88275,956.507,922.6949,955.215086,962.804662,959.009874
,,,,1023.0608,980.90314,1001.98193,,945.7108,963.76654,954.73865,,937.24316,948.2497,942.74646,,987.0225,957.7013,972.36194,,890.56006,954.48883,922.5244,956.719464,961.021902,958.870676
,,,,1023.9443,976.95074,1000.4475,,946.6646,960.34644,953.5055,,937.83167,945.3761,941.6039,,988.1944,955.4327,971.81354,,891.6789,951.09406,921.3865,957.662774,957.840008,957.751388
,,,,1024.3566,972.1177,998.2371,,947.08984,955.97516,951.5325,,937.69556,941.64307,939.6693,,988.6789,952.0682,970.37354,,892.18427,946.8136,919.4989,958.001034,953.723546,955.862268
,,,,1024.3158,967.118,995.7169,,947.00507,951.307,949.156,,936.89594,937.6133,937.25464,,988.5011,948.13165,968.3164,,892.0938,942.2891,917.19147,957.762342,949.29181,953.527082
,,,,1023.87976,962.5301,993.20496,,946.47577,946.89734,946.6865,,935.5534,933.76794,934.66064,,987.74603,944.1286,965.9373,,891.48083,938.0553,914.76807,957.027158,945.075856,951.051494
,,,,1023.1048,958.3879,990.74634,,945.5673,942.8312,944.1992,,933.7835,930.1795,931.9815,,986.49976,940.2615,963.3806,,890.4218,934.17426,912.29803,955.875432,941.166872,948.521134
,,,,1022.0336,954.44214,988.2379,,944.33185,938.9354,941.63367,,931.6789,926.6997,929.18933,,984.83185,936.5045,960.6682,,888.9806,930.4547,909.71765,954.37136,937.407288,945.88935
,,,,1020.6921,950.3622,985.5271,,942.80133,934.9413,938.87134,,929.3023,923.09894,926.2006,,982.78723,932.70184,957.7445,,887.1982,926.61816,906.9082,952.556232,933.544488,943.050348
,,,,1019.15753,946.6889,982.9232,,941.06146,931.3234,936.19244,,926.79083,919.808,923.29944,,980.48236,929.1502,954.8163,,885.17456,923.138,904.15625,950.533348,930.0217,940.277526
,,,,1017.5336,943.9821,980.7579,,939.22815,928.5746,933.90137,,924.3115,917.2686,920.79004,,978.0687,926.22784,952.1483,,883.0422,920.50665,901.7744,948.43683,927.311958,937.874402
,,,,1015.90027,942.17755,979.03894,,937.3937,926.6582,932.02594,,921.98627,915.4523,918.71924,,975.6663,924.0003,949.8333,,880.909,918.68475,899.7969,946.371108,925.39462,935.882864
,,,,1014.2962,940.7637,977.5299,,935.60333,925.14734,930.37537,,919.86554,913.98706,916.9263,,973.33496,922.227,947.781,,878.83105,917.2417,898.0364,944.386216,923.87336,934.129794
,,,,1012.71014,939.0468,975.8785,,933.8474,923.4339,928.6406,,917.9194,912.3438,915.1316,,971.0635,920.4689,945.7662,,876.80133,915.57104,896.18616,942.468354,922.172888,932.320612
,,,,1011.11676,936.7271,973.92194,,932.0975,921.22943,926.66345,,916.09235,910.2746,913.1835,,968.8176,918.43463,943.6261,,874.7896,913.3934,894.0915,940.582762,920.011832,930.297298
,,,,1009.51996,934.17535,971.84766,,930.3547,918.8226,924.5886,,914.3729,908.0389,911.20593,,966.6007,916.2271,941.41394,,872.796,911.01056,891.9033,938.728852,917.654902,928.191886
,,,,1007.92084,931.5689,969.7449,,928.619,916.34735,922.48315,,912.74066,905.7519,909.2463,,964.41125,913.9231,939.1672,,870.81866,908.5661,889.6924,936.902082,915.23147,926.06679
,,,,1006.3193,928.9752,967.6472,,926.88855,913.86163,920.3751,,911.17505,903.46027,907.3176,,962.2465,911.57434,936.9104,,868.8551,906.1212,887.48816,935.0969,912.798528,923.947692
,,,,1004.71967,926.4632,965.59143,,925.1674,911.43286,918.3002,,909.66284,901.22095,905.4419,,960.10913,909.24243,934.6758,,866.90857,903.7415,885.3251,933.313522,910.420188,921.866886
,,,,1003.1209,923.9873,963.5541,,923.4533,909.0294,916.24133,,908.1834,899.0034,903.5934,,957.9947,906.92426,932.4595,,864.9759,901.392,883.18396,931.54564,908.067272,919.806458
,,,,1001.5374,921.70404,961.6207,,921.76044,906.795,914.2777,,906.7433,896.9354,901.83936,,955.91986,904.72266,930.3213,,863.07245,899.21326,881.1428,929.80669,905.874072,917.840372
,,,,1000.0283,920.1823,960.10535,,920.15186,905.2365,912.6942,,905.4175,895.46796,900.44275,,953.9638,903.00183,928.4828,,861.26636,897.70886,879.4876,928.165564,904.31949,916.24254
,,,,998.6834,919.9555,959.31946,,918.72565,904.84216,911.78394,,904.32635,895.0333,899.6798,,952.249,902.16864,927.20886,,859.66547,897.36017,878.5128,926.729974,903.871954,915.300972
,,,,997.58307,921.0566,959.3198,,917.5708,905.6729,911.6218,,903.57214,895.68536,899.6288,,950.8851,902.3706,926.6278,,858.3694,898.21783,878.2936,925.596102,904.600658,915.09836
,,,,996.7519,922.84,959.79596,,916.7169,907.1927,911.95483,,903.1735,896.9514,900.0625,,949.90576,903.3118,926.60876,,857.41376,899.73535,878.5746,924.792364,906.00625,915.39933
,,,,996.16815,924.5866,960.3774,,916.13983,908.77386,912.45685,,903.082,898.2826,900.68225,,949.27997,904.5348,926.90735,,856.77594,901.2821,879.02905,924.289178,907.491992,915.89058
,,,,995.817,926.22437,961.0207,,915.8205,910.3277,913.0741,,903.26074,899.6093,901.43506,,948.98254,905.87695,927.42975,,856.4339,902.7772,879.6056,924.062936,908.963104,916.513042
,,,,995.6736,927.7297,961.70166,,915.7295,911.798,913.76373,,903.6605,900.88403,902.2723,,948.97424,907.23083,928.10254,,856.3538,904.1771,880.2655,924.078328,910.363932,917.221146
,,,,995.71155,929.1371,962.4243,,915.83545,913.1905,914.51294,,904.2336,902.1103,903.17194,,949.21405,908.55554,928.88477,,856.49963,905.4986,880.99915,924.298856,911.698408,917.99862
,,,,995.90796,930.5232,963.2156,,916.11127,914.56024,915.33575,,904.9387,903.3331,904.1359,,949.6649,909.8662,929.76556,,856.8386,906.8031,881.82086,924.692286,913.017168,918.854734
,,,,996.2806,932.3739,964.3273,,916.5731,916.3308,916.45197,,905.8001,904.92456,905.3623,,950.3466,911.4444,930.8955,,857.3861,908.51624,882.9512,925.2773,914.71798,919.997654
,,,,996.8343,934.6989,965.7666,,917.2264,918.52124,917.8738,,906.8231,906.89514,906.85913,,951.26324,913.3558,932.3095,,858.14734,910.6531,884.4002,926.058876,916.824836,921.441846
,,,,997.5499,937.1759,967.3629,,918.0504,920.8652,919.45776,,907.9786,909.0066,908.49255,,952.3869,915.4543,933.9206,,859.1001,912.9415,886.0208,927.01318,919.0887,923.050922
,,,,998.3841,939.3967,968.8904,,918.9988,923.0088,921.0038,,909.2048,910.9465,910.0756,,953.65656,917.485,935.5708,,860.193,915.0245,887.60876,928.087452,921.1723,924.629872
,,,,999.2468,940.68695,969.9669,,919.9735,924.34656,922.16003,,910.3736,912.1805,911.27704,,954.9474,918.9843,936.9658,,861.318,916.3,888.80896,929.17186,922.499662,925.835746
,,,,1000.0468,940.803,970.4249,,920.8729,924.6328,922.75287,,911.36035,912.493,911.92664,,956.13104,919.67725,937.9042,,862.3611,916.5327,889.4469,930.154438,922.82775,926.491102
,,,,1000.70807,939.85767,970.28284,,921.6126,923.9299,922.77124,,912.06793,911.9365,912.0022,,957.1005,919.51196,938.3063,,863.2251,915.7971,889.5111,930.94284,922.206626,926.574736
,,,,1001.1686,938.0191,969.5939,,922.1238,922.35913,922.24146,,912.4222,910.6116,911.51685,,957.76776,918.5269,938.14734,,863.82965,914.22394,889.0268,931.462402,920.748134,926.10527
,,,,1001.351,935.1095,968.2302,,922.32245,919.75574,921.03906,,912.32916,908.36255,910.3458,,958.0267,916.60376,937.3152,,864.0797,911.652,887.86584,931.621802,918.29671,924.95922
,,,,1001.21106,931.35754,966.2843,,922.1601,916.3184,919.23926,,911.74915,905.3594,908.55426,,957.8166,913.85254,935.8346,,863.91833,908.2794,886.0989,931.371048,915.033456,923.202264
,,,,1000.7634,927.4588,964.1111,,921.6516,912.66156,917.1566,,910.7311,902.1413,906.43616,,957.1599,910.7001,933.93,,863.3602,904.7171,884.0387,930.73324,911.535772,921.134512
,,,,1000.0659,924.0728,962.06934,,920.86273,909.386,915.1244,,909.3863,899.2365,904.3114,,956.14124,907.6391,931.89014,,862.4767,901.5569,882.0168,929.786574,908.37826,919.082416
,,,,999.205,921.644,960.4245,,919.8907,906.9233,913.407,,907.86475,897.0249,902.4448,,954.88666,905.0884,929.98755,,861.37714,899.2159,880.2965,928.64485,905.9793,917.31207
,,,,998.27216,920.2811,959.2766,,918.8398,905.41797,912.1289,,906.318,895.63684,900.9774,,953.5303,903.2721,928.4012,,860.18054,897.8216,879.0011,927.42816,904.485922,915.95704
,,,,997.3332,919.68066,958.50696,,917.7871,904.6417,911.2144,,904.8527,894.8757,899.8642,,952.1717,902.1232,927.14746,,858.9772,897.131,878.0541,926.22438,903.690452,914.957424
,,,,996.4473,919.6572,958.05225,,916.7989,904.45013,910.6245,,903.5599,894.6239,899.0919,,950.8984,901.5607,926.22955,,857.8452,896.9921,877.4187,925.10994,903.456806,914.28338
,,,,995.6946,920.4642,958.07935,,915.96423,905.0646,910.5144,,902.5555,895.08844,898.82196,,949.8258,901.7221,925.7739,,856.88525,897.6267,877.256,924.185076,903.993208,914.089122
,,,,995.1744,922.4887,958.83154,,915.3912,906.82324,911.1072,,901.97614,896.57513,899.27563,,949.09314,902.8556,925.97437,,856.2189,899.37494,877.7969,923.570756,905.623522,914.597128
,,,,994.95886,925.6257,960.29224,,915.16034,909.6424,912.40137,,901.9085,899.01245,900.46045,,948.8015,904.9597,926.8806,,855.93774,902.1531,879.0454,923.353388,908.27867,915.816012
,,,,995.0743,929.381,962.22766,,915.301,913.0987,914.1998,,902.3657,902.02856,902.19714,,948.98773,907.76874,928.37823,,856.0779,905.5362,880.807,923.561326,911.56264,917.561966
,,,,995.49976,933.1441,964.3219,,915.7897,916.65015,916.2199,,903.28796,905.14905,904.2185,,949.6213,910.8735,930.2474,,856.616,908.9853,882.80066,924.162944,914.96042,919.561672
,,,,996.2235,936.9285,966.57605,,916.60925,920.28174,918.4455,,904.6302,908.3664,906.4983,,950.6809,914.169,932.4249,,857.5336,912.495,885.0143,925.13549,918.448128,921.79181
,,,,997.21277,940.629,968.9209,,917.72174,923.87036,920.796,,906.3166,911.57153,908.9441,,952.1164,917.517,934.8167,,858.7879,915.95386,887.37085,926.431082,921.90835,924.16971
,,,,998.4229,944.1234,971.2732,,919.0752,927.28845,923.1818,,908.2569,914.6485,911.4527,,953.8601,920.7867,937.32336,,860.3203,919.2432,889.78174,927.98708,925.21805,926.60256
,,,,999.80334,947.3338,973.5686,,920.61224,930.45276,925.5325,,910.357,917.51996,913.9385,,955.83606,923.88214,939.85913,,862.06506,922.2862,892.17566,929.73474,928.294972,929.014878
,,,,1001.3289,950.52423,975.9266,,922.3016,933.5835,927.9425,,912.56726,920.37665,916.4719,,958.00366,926.9201,942.4619,,863.9855,925.30756,894.6465,931.637384,931.342408,931.48988
,,,,1002.882,952.7055,977.79376,,924.0173,935.8079,929.9126,,914.7028,922.44104,918.5719,,960.1973,929.3254,944.76135,,865.941,927.4363,896.6886,933.54808,933.543228,933.545642
,,,,1004.359,953.6154,978.9872,,925.6432,936.88184,931.2625,,916.61316,923.49774,920.0554,,962.2689,930.83026,946.54956,,867.80005,928.4339,898.11694,935.336862,934.651828,934.99432
,,,,1005.6627,953.23065,979.44666,,927.07117,936.7518,931.9115,,918.1641,923.49554,920.82983,,964.07983,931.30743,947.6936,,869.4384,928.25586,898.84717,936.88324,934.608256,935.745752
,,,,1006.7105,951.65765,979.1841,,928.2095,935.48395,931.8467,,919.2489,922.48584,920.8674,,965.5119,930.7436,948.12775,,870.74927,926.9761,898.8627,938.086014,933.469428,935.77773
,,,,1007.4699,949.44055,978.4552,,929.02155,933.54364,931.2826,,919.84375,920.87146,920.3576,,966.5185,929.42865,947.9736,,871.68665,925.0627,898.37463,938.90807,931.6694,935.288726
,,,,1007.9405,947.03,977.4852,,929.5062,931.33453,930.4204,,919.9724,919.0002,919.4863,,967.0985,927.6826,947.39056,,872.2464,922.91534,897.5809,939.3528,929.592534,934.472672
,,,,1008.4851,948.7056,978.59534,,930.0507,932.63873,931.3447,,920.2126,920.2115,920.21204,,967.7525,928.13715,947.9448,,872.8531,924.30164,898.5774,939.8708,930.798924,935.334856
,,,,1009.4863,956.086,982.78613,,931.082,938.99054,935.03625,,921.14124,925.8305,923.48584,,969.0188,932.3388,950.67883,,873.9854,930.7062,902.3458,940.942748,936.790408,938.86657
,,,,1011.15485,967.51135,989.3331,,932.8473,949.1268,940.98706,,923.068,934.73267,928.9003,,971.20905,939.91656,955.5628,,875.9377,940.79803,908.36786,942.84338,946.417082,944.630224
,,,,1013.5427,980.5285,997.03564,,935.41425,961.013,948.2136,,926.0556,945.14996,935.6028,,974.4138,949.6101,962.01196,,878.80676,952.49963,915.6532,945.646622,957.760238,951.70344
,,,,1016.56226,992.9644,1004.7633,,938.69214,972.72107,955.7066,,929.9521,955.4294,942.69073,,978.5253,959.924,969.2247,,882.50806,963.89026,923.19916,949.247972,968.985826,959.116898
,,,,1020.08356,1003.96094,1012.0222,,942.5364,983.3749,962.9556,,934.54047,964.83405,949.68726,,983.36597,969.90765,976.63684,,886.8867,974.14166,930.51416,953.48262,979.24384,966.363212
,,,,1023.9794,1013.60913,1018.79425,,946.8013,992.9077,969.8545,,939.6069,973.317,956.4619,,988.7543,979.1997,983.977,,891.7802,983.24756,937.5139,958.18442,988.456218,973.32031
,,,,1028.1232,1022.13904,1025.1311,,951.34314,1001.4161,976.37964,,944.9403,980.956,962.9481,,994.5065,987.6826,991.09454,,897.02264,991.35126,944.18695,963.187156,996.709,979.948066
,,,,1032.3965,1029.7355,1031.0659,,956.0271,1009.0119,982.51953,,950.3482,987.83484,969.09155,,1000.44836,995.3501,997.89923,,902.4574,998.5911,950.5243,968.335512,1004.104688,986.220102
,,,,1036.6687,1036.2039,1036.4363,,960.70776,1015.51196,988.10986,,955.6258,993.78107,974.7034,,1006.3894,1002.05743,1004.2234,,907.9136,1004.7946,956.3541,973.461052,1010.469792,991.965412
,,,,1040.8263,1041.5045,1041.1654,,965.25806,1020.88074,993.0694,,960.6032,998.75195,979.6776,,1012.1624,1007.75024,1009.9563,,913.2398,1009.92737,961.5836,978.417952,1015.76296,997.09046
,,,,1044.797,1045.9558,1045.3765,,969.5954,1025.3951,997.49524,,965.1814,1002.97675,984.0791,,1017.6584,1012.59064,1015.1245,,918.3347,1014.2611,966.2979,983.11338,1020.235878,1001.674648
,,,,1048.5238,1049.687,1049.1055,,973.657,1029.1744,1001.4157,,969.2896,1006.5496,987.9196,,1022.7924,1016.6802,1019.7363,,923.1192,1017.90765,970.5134,987.4764,1023.99977,1005.7381
,,,,1051.9507,1052.5591,1052.2549,,977.38214,1032.1119,1004.7471,,972.86346,1009.3724,991.1179,,1027.4833,1019.9768,1023.73004,,927.5179,1020.75323,974.13556,991.4395,1026.954686,1009.1971
,,,,1055.0552,1054.7773,1054.9163,,980.7455,1034.3969,1007.57117,,975.89624,1011.60516,993.75073,,1031.6971,1022.6084,1027.1528,,931.497,1022.9789,977.2379,994.978208,1029.273332,1012.12578
,,,,1057.834,1056.5447,1057.1893,,983.74384,1036.2141,1009.979,,978.4105,1013.4057,995.9081,,1035.4296,1024.7203,1030.075,,935.04803,1024.7623,979.90515,998.093194,1031.12942,1014.61131
,,,,1060.2821,1057.8126,1059.0474,,986.3737,1037.5334,1011.9536,,980.42755,1014.7467,997.58716,,1038.6749,1026.3286,1032.5017,,938.1643,1026.0677,982.116,1000.78451,1032.4978,1016.641172
,,,,1062.4199,1058.8068,1060.6133,,988.65765,1038.5626,1013.6101,,982.0078,1015.80896,998.9084,,1041.4648,1027.5869,1034.5259,,940.8699,1027.0969,983.9834,1003.08401,1033.572432,1018.32822
,,,,1064.3229,1060.297,1062.3099,,990.6768,1039.9825,1015.3297,,983.2946,1017.18085,1000.23773,,1043.9076,1028.9789,1036.4432,,943.2587,1028.5201,985.8894,1005.09212,1034.99187,1020.041986
,,,,1066.1215,1063.2852,1064.7034,,992.57367,1042.6915,1017.63257,,984.5124,1019.63617,1002.0743,,1046.1917,1031.1992,1038.6954,,945.4979,1031.2178,988.35785,1006.979434,1037.605974,1022.292704
,,,,1067.9757,1068.5304,1068.253,,994.52496,1047.4017,1020.9634,,985.9241,1023.7867,1004.85535,,1048.55,1034.8845,1041.7173,,947.799,1035.8756,991.8373,1008.954752,1042.09578,1025.52527
,,,,1069.968,1075.3203,1072.6442,,996.62994,1053.5598,1025.0948,,987.6633,1029.1602,1008.41174,,1051.1124,1039.8505,1045.4814,,950.2853,1041.9196,996.1024,1011.131788,1047.96208,1029.546908
,,,,1072.0931,1082.2675,1077.1803,,998.8911,1059.998,1029.4446,,989.72144,1034.7672,1012.2443,,1053.8844,1045.3644,1049.6244,,952.9677,1048.1813,1000.57446,1013.511548,1054.11568,1033.813612
,,,,1074.2676,1087.946,1081.1068,,1001.2231,1065.4547,1033.3389,,991.9619,1039.5415,1015.7517,,1056.7579,1050.4729,1053.6155,,955.75006,1053.4218,1004.58594,1015.992112,1059.36738,1037.679768
,,,,1076.4016,1091.8917,1084.1467,,1003.5272,1069.4487,1036.488,,994.2351,1043.0829,1018.659,,1059.6072,1054.6317,1057.1194,,958.515,1057.1967,1007.85583,1018.45722,1063.25034,1040.853786
,,,,1078.4094,1094.1326,1086.271,,1005.707,1071.9155,1038.8113,,996.3948,1045.3369,1020.86584,,1062.3076,1057.6073,1059.9575,,961.1441,1059.4774,1010.3108,1020.79258,1065.69394,1043.243288
,,,,1080.1941,1094.5566,1087.3754,,1007.6532,1072.6953,1040.1743,,998.2737,1046.16,1022.21686,,1064.714,1059.1793,1061.9467,,963.50134,1060.1318,1011.8166,1022.867268,1066.5446,1044.705972
,,,,1081.6838,1093.4128,1087.5483,,1009.28186,1071.9685,1040.6252,,999.7501,1045.6957,1022.7229,,1066.715,1059.3861,1063.0505,,965.48065,1059.3541,1012.41736,1024.582282,1065.96344,1045.272852
,,,,1082.862,1091.4742,1087.1682,,1010.5677,1070.395,1040.4813,,1000.79156,1044.4961,1022.6438,,1068.276,1058.6388,1063.4574,,967.04553,1057.8004,1012.423,1025.908558,1064.5609,1045.23474
,,,,1083.7645,1089.6605,1086.7125,,1011.5446,1068.7915,1040.1681,,1001.4516,1043.2489,1022.3502,,1069.4392,1057.5444,1063.4918,,968.23145,1056.2688,1012.2501,1026.88627,1063.10282,1044.99454
,,,,1084.435,1088.3075,1086.3713,,1012.25867,1067.4976,1039.8782,,1001.7989,1042.2379,1022.01843,,1070.2626,1056.4685,1063.3655,,969.0922,1055.0742,1012.08325,1027.569474,1061.91714,1044.743336
,,,,1084.9265,1087.5493,1086.2379,,1012.7684,1066.6871,1039.7278,,1001.92053,1041.6093,1021.7649,,1070.821,1055.6499,1063.2355,,969.69824,1054.3655,1012.03186,1028.026934,1061.17222,1044.599592
,,,,1085.2816,1087.2253,1086.2534,,1013.1222,1066.265,1039.6936,,1001.88794,1041.2852,1021.58655,,1071.1777,1055.1167,1063.1472,,970.10974,1054.03,1012.0699,1028.315836,1060.78444,1044.55013
,,,,1085.5502,1087.3679,1086.459,,1013.37634,1066.2836,1039.83,,1001.7855,1041.3168,1021.55115,,1071.4071,1054.9404,1063.1738,,970.39636,1054.1095,1012.2529,1028.5031,1060.80364,1044.65337
,,,,1085.783,1088.0405,1086.9117,,1013.5883,1066.8073,1040.1978,,1001.69696,1041.766,1021.73145,,1071.5858,1055.188,1063.387,,970.6296,1054.6636,1012.6466,1028.656732,1061.29308,1044.97491
,,,,1086.0428,1089.486,1087.7644,,1013.8282,1068.051,1040.9396,,1001.7228,1042.8236,1022.2732,,1071.8077,1056.0212,1063.9146,,970.89545,1055.9047,1013.4,1028.85939,1062.4573,1045.65836
,,,,1086.3683,1091.5234,1088.9458,,1014.14154,1069.8654,1042.0034,,1001.92065,1044.3667,1023.1437,,1072.1326,1057.3787,1064.7556,,971.2513,1057.6836,1014.4674,1029.162878,1064.16356,1046.66318
,,,,1086.7693,1093.7577,1090.2634,,1014.54285,1071.9111,1043.227,,1002.3012,1046.111,1024.206,,1072.5809,1059.0415,1065.8113,,971.7172,1059.6664,1015.6918,1029.58229,1066.09754,1047.8399
,,,,1087.2137,1095.5157,1091.3647,,1015.0006,1073.5936,1044.2971,,1002.80396,1047.5529,1025.1785,,1073.1105,1060.5801,1066.8452,,972.2566,1061.2706,1016.7636,1030.077072,1067.70258,1048.88982
,,,,1087.6539,1096.4054,1092.0297,,1015.4632,1074.5425,1045.0028,,1003.3444,1048.3794,1025.8619,,1073.6545,1061.6562,1067.6554,,972.80835,1062.1433,1017.4758,1030.58487,1068.62536,1049.60512
,,,,1088.0587,1096.5802,1092.3195,,1015.894,1074.8514,1045.3727,,1003.8638,1048.6707,1026.2672,,1074.1664,1062.2306,1068.1985,,973.3268,1062.3925,1017.8596,1031.06194,1068.94508,1050.0035
,,,,1088.4291,1096.591,1092.51,,1016.29083,1074.9702,1045.6305,,1004.3541,1048.8071,1026.5806,,1074.6422,1062.5522,1068.5972,,973.80664,1062.4738,1018.1402,1031.504574,1069.07886,1050.2917
,,,,1088.7787,1096.8206,1092.7996,,1016.6663,1075.2296,1045.948,,1004.8276,1049.0659,1026.9468,,1075.0975,1062.8689,1068.9832,,974.26117,1062.7145,1018.4878,1031.926254,1069.3399,1050.63308